{
  "development": {
    "enabled": true,
    "networkType": "custom",
    "genesisBlock": "config/development/genesis.json",
    "datadir": ".embark/development/datadir",
    "mineWhenNeeded": true,
    "nodiscover": true,
    "maxpeers": 0,
    "rpcHost": "localhost",
    "rpcPort": 8545,
    "rpcCorsDomain": "http://localhost:8000",
    "account": {
      "password": "config/development/password"
    },
    "wsOrigins": "http://localhost:8000"
  },
  "testnet": {
    "enabled": true,
    "networkType": "testnet",
    "network_id": 0,
    "light": true,
    "rpcHost": "localhost",
    "rpcPort": 8545,
    "rpcCorsDomain": "http://localhost:8000",
    "account": {
      "init": false,
      "password": "config/testnet/password",
      "address": "0x26e0c9d26433188bDB1A9D896B75134eFe2F3959"
    }
  },
  "livenet": {
    "enabled": true,
    "networkType": "livenet",
    "light": true,
    "rpcHost": "localhost",
    "rpcPort": 8545,
    "rpcCorsDomain": "http://localhost:8000",
    "account": {
      "password": "config/livenet/password"
    }
  },
  "privatenet": {
    "enabled": true,
    "networkType": "custom",
    "rpcHost": "localhost",
    "rpcPort": 8545,
    "datadir": "yourdatadir",
    "networkId": "123",
    "bootnodes": ""
  }
}
