{
  "default": {
    "versions": {
      "web3.js": "1.0.0-beta",
      "solc": "0.4.17"
    },
    "deployment": {
      "host": "localhost",
      "port": 8545,
      "type": "rpc"
    },
    "dappConnection": [
      "$WEB3",
      "http://localhost:8545"
    ],
    "gas": "auto",
    "contracts": {
      "CBDContract": {
        "deploy": false
      },
      "EIP20Interface": {
        "deploy": false
      },
      "IOwned": {
        "deploy": false
      },
      "Owned": {
        "deploy": false
      },
      "CBDContractFactory": {
      },
      "PalladioEPRToken": {
        "gas": 2100000
      }
    }
  }
}
